{
	"description": "项目配置文件",
	"packOptions": {
		"ignore": []
	},
	"setting": {
		"urlCheck": false,
		"es6": true,
		"postcss": true,
		"minified": true,
		"newFeature": true,
		"autoAudits": false
	},
	"compileType": "miniprogram",
	"libVersion": "2.4.3",
	"appid": "wxa206b57027b01b51",
	"projectname": "%E5%B7%A7%E4%B9%90%E5%85%B9",
	"debugOptions": {
		"hidedInDevtools": []
	},
	"isGameTourist": false,
	"simulatorType": "wechat",
	"simulatorPluginLibVersion": {},
	"condition": {
		"search": {
			"current": -1,
			"list": []
		},
		"conversation": {
			"current": -1,
			"list": []
		},
		"plugin": {
			"current": -1,
			"list": []
		},
		"game": {
			"currentL": -1,
			"list": []
		},
		"miniprogram": {
			"current": 5,
			"list": [
				{
					"id": -1,
					"name": "积分商城",
					"pathName": "pages/store/index",
					"query": "",
					"scene": null
				},
				{
					"id": -1,
					"name": "游戏",
					"pathName": "pages/game/index",
					"query": "",
					"scene": null
				},
				{
					"id": 2,
					"name": "制作",
					"pathName": "pages/game/music",
					"query": "select=1&style=1&text=不许动手,只许动心",
					"scene": null
				},
				{
					"id": 3,
					"name": "合成",
					"pathName": "pages/game/create",
					"query": "fid=19&selects=3&style=2",
					"scene": null
				},
				{
					"id": -1,
					"name": "个人中心",
					"pathName": "pages/store/oneself",
					"query": "",
					"scene": null
				},
				{
					"id": 5,
					"name": "style",
					"pathName": "pages/game/style",
					"query": "select=3",
					"scene": null
				},
				{
					"id": 6,
					"name": "无视频首页",
					"pathName": "pages/index/index",
					"query": "isSkip=true",
					"scene": null
				},
				{
					"id": 7,
					"name": "回流",
					"pathName": "pages/back/index",
					"query": "fid=11&style=1&text=6",
					"scene": null
				},
				{
					"id": 8,
					"name": "web红包",
					"pathName": "pages/web/web",
					"query": "lid=123&openid=xxxaaaaa",
					"scene": null
				},
				{
					"id": -1,
					"name": "风格",
					"pathName": "pages/game/style",
					"query": "",
					"scene": null
				}
			]
		}
	}
}